{
  "project": "Mechanical Components Design",
  "units": "mm",
  "components": [
    {
      "type": "spur_gear",
      "teeth": 24,
      "module": 2.5,
      "thickness": 15,
      "pitch_diameter": 60.0,
      "outer_diameter": 65.0,
      "root_diameter": 53.75,
      "theta": [
        0.0,
        0.04393835879146564,
        0.08787671758293128,
        0.13181507637439693,
        0.17575343516586256,
        0.21969179395732819,
        0.26363015274879387,
        0.3075685115402595,
        0.3515068703317251,
        0.39544522912319074,
        0.43938358791465637,
        0.48332194670612205,
        0.5272603054975877,
        0.5711986642890533,
        0.615137023080519,
        0.6590753818719846,
        0.7030137406634502,
        0.7469520994549159,
        0.7908904582463815,
        0.8348288170378472,
        0.8787671758293127,
        0.9227055346207784,
        0.9666438934122441,
        1.0105822522037098,
        1.0545206109951755,
        1.098458969786641,
        1.1423973285781066,
        1.1863356873695723,
        1.230274046161038,
        1.2742124049525037,
        1.3181507637439691,
        1.3620891225354348,
        1.4060274813269005,
        1.4499658401183662,
        1.4939041989098318,
        1.5378425577012973,
        1.581780916492763,
        1.6257192752842287,
        1.6696576340756943,
        1.71359599286716,
        1.7575343516586255,
        1.8014727104500912,
        1.8454110692415568,
        1.8893494280330225,
        1.9332877868244882,
        1.977226145615954,
        2.0211645044074196,
        2.0651028631988853,
        2.109041221990351,
        2.152979580781816,
        2.196917939573282,
        2.2408562983647475,
        2.284794657156213,
        2.328733015947679,
        2.3726713747391446,
        2.4166097335306103,
        2.460548092322076,
        2.5044864511135416,
        2.5484248099050073,
        2.5923631686964725,
        2.6363015274879382,
        2.680239886279404,
        2.7241782450708696,
        2.7681166038623353,
        2.812054962653801,
        2.8559933214452666,
        2.8999316802367323,
        2.943870039028198,
        2.9878083978196637,
        3.0317467566111294,
        3.0756851154025946,
        3.1196234741940603,
        3.163561832985526,
        3.2075001917769916,
        3.2514385505684573,
        3.295376909359923,
        3.3393152681513887,
        3.3832536269428544,
        3.42719198573432,
        3.4711303445257857,
        3.515068703317251,
        3.5590070621087166,
        3.6029454209001823,
        3.646883779691648,
        3.6908221384831137,
        3.7347604972745794,
        3.778698856066045,
        3.8226372148575107,
        3.8665755736489764,
        3.910513932440442,
        3.954452291231908,
        3.998390650023373,
        4.042329008814839,
        4.086267367606305,
        4.1302057263977705,
        4.174144085189236,
        4.218082443980702,
        4.262020802772167,
        4.305959161563632,
        4.349897520355098,
        4.393835879146564,
        4.437774237938029,
        4.481712596729495,
        4.525650955520961,
        4.569589314312426,
        4.613527673103892,
        4.657466031895358,
        4.7014043906868235,
        4.745342749478289,
        4.789281108269755,
        4.8332194670612205,
        4.877157825852686,
        4.921096184644152,
        4.965034543435618,
        5.008972902227083,
        5.052911261018549,
        5.096849619810015,
        5.14078797860148,
        5.184726337392945,
        5.228664696184411,
        5.2726030549758764,
        5.316541413767342,
        5.360479772558808,
        5.4044181313502735,
        5.448356490141739,
        5.492294848933205,
        5.5362332077246705,
        5.580171566516136,
        5.624109925307602,
        5.668048284099068,
        5.711986642890533,
        5.755925001681999,
        5.799863360473465,
        5.84380171926493,
        5.887740078056396,
        5.931678436847862,
        5.975616795639327,
        6.019555154430793,
        6.063493513222259,
        6.1074318720137235,
        6.151370230805189,
        6.195308589596655,
        6.2392469483881206,
        6.283185307179586
      ],
      "radii": [
        32.5,
        30.0,
        30.0,
        30.0,
        30.0,
        30.0,
        32.5,
        30.0,
        30.0,
        30.0,
        30.0,
        30.0,
        32.5,
        30.0,
        30.0,
        30.0,
        30.0,
        30.0,
        26.875,
        30.0,
        30.0,
        30.0,
        30.0,
        30.0,
        26.875,
        30.0,
        30.0,
        30.0,
        30.0,
        30.0,
        26.875,
        30.0,
        30.0,
        30.0,
        30.0,
        30.0,
        30.0,
        30.0,
        30.0,
        30.0,
        30.0,
        30.0,
        30.0,
        30.0,
        30.0,
        30.0,
        30.0,
        30.0,
        30.0,
        30.0,
        30.0,
        30.0,
        30.0,
        30.0,
        30.0,
        30.0,
        30.0,
        30.0,
        30.0,
        30.0,
        30.0,
        30.0,
        30.0,
        30.0,
        30.0,
        30.0,
        30.0,
        30.0,
        30.0,
        30.0,
        30.0,
        30.0,
        30.0,
        30.0,
        30.0,
        30.0,
        30.0,
        30.0,
        30.0,
        30.0,
        30.0,
        30.0,
        30.0,
        30.0,
        30.0,
        30.0,
        30.0,
        30.0,
        30.0,
        30.0,
        30.0,
        30.0,
        30.0,
        30.0,
        30.0,
        30.0,
        30.0,
        30.0,
        30.0,
        30.0,
        30.0,
        30.0,
        30.0,
        30.0,
        30.0,
        30.0,
        30.0,
        30.0,
        30.0,
        30.0,
        30.0,
        30.0,
        30.0,
        30.0,
        30.0,
        30.0,
        30.0,
        30.0,
        30.0,
        30.0,
        30.0,
        30.0,
        30.0,
        30.0,
        30.0,
        30.0,
        30.0,
        30.0,
        30.0,
        30.0,
        30.0,
        30.0,
        30.0,
        30.0,
        30.0,
        30.0,
        30.0,
        30.0,
        30.0,
        30.0,
        30.0,
        30.0,
        30.0,
        32.5
      ],
      "bore_diameter": 12,
      "material": "Steel AISI 4140"
    },
    {
      "type": "bearing_housing",
      "inner_diameter": 35,
      "outer_diameter": 65,
      "width": 30,
      "material": "Cast Iron"
    }
  ],
  "material_properties": {
    "Steel AISI 4140": {
      "density": "7.85 g/cm³",
      "tensile_strength": "655 MPa",
      "yield_strength": "415 MPa",
      "application": "Gears, shafts, high-strength components"
    },
    "Cast Iron": {
      "density": "7.2 g/cm³",
      "tensile_strength": "250 MPa",
      "compressive_strength": "1000 MPa",
      "application": "Housings, frames, structural components"
    }
  },
  "design_notes": [
    "All dimensions in millimeters",
    "Tolerances: ISO 2768-m",
    "Surface finish: 1.6 μm Ra unless specified",
    "Remove sharp edges and burrs"
  ]
}