department,employee_count,turnover_rate,avg_salary,avg_satisfaction,avg_performance,hiring_need
HR,174,19.54022988505747,77877.68965517242,3.0493821376239008,2.9195402298850577,410
Finance,172,11.046511627906977,76710.9011627907,2.9185741515410686,3.0232558139534884,230
Marketing,154,14.935064935064934,74661.05844155845,2.9915490846817656,2.9740259740259742,278
Sales,164,14.02439024390244,74748.81707317074,3.14430926080368,2.9878048780487805,278
Operations,155,14.193548387096774,73137.9935483871,2.953231499376004,2.806451612903226,266
Engineering,181,16.022099447513813,74584.2320441989,2.9313464469922033,2.8121546961325965,351
