feature,importance
satisfaction_score,0.19187956287856947
salary,0.17658827220812662
tenure_months,0.12687162598111032
training_hours,0.11101484612359144
projects_completed,0.10686006822039684
overtime_hours,0.09988377401263306
department_encoded,0.06763869233191841
position_encoded,0.05992179663585849
performance_rating,0.05934136160779518
