department,avg_performance
Engineering,2.8121546961325965
Finance,3.0232558139534884
HR,2.9195402298850577
Marketing,2.9740259740259742
Operations,2.806451612903226
Sales,2.9878048780487805
