factor,correlation
satisfaction_score,1.0
salary,0.04366538508160229
tenure_months,0.00997736913605678
performance_rating,-0.027459207613281505
overtime_hours,-0.023234617776299232
training_hours,-0.007613700784245169
